Component;Description;References;Value;Footprint;Quantity Per PCB;Manufacturer_Part_Number;MANUFACTURER
1;Buzzer, polarized;BZ1;Buzzer;PinHeader_1x02_P1.27mm_Vertical_SMD_Pin1Right;1;CSQG703BP;
2;Unpolarized capacitor;C110;12p;C_0402_1005Metric;1;CL05C120JB51PNC;
3;Unpolarized capacitor;C111;12p;C_0402_1005Metric;1;CL05C120JB51PNC;
4;Unpolarized capacitor;C113;12p;C_0402_1005Metric;1;CL05C120JB51PNC;
5;Unpolarized capacitor;C114;12p;C_0402_1005Metric;1;CL05C120JB51PNC;
6;Unpolarized capacitor;C72;12p;C_0402_1005Metric;1;CL05C120JB51PNC;
7;Unpolarized capacitor;C73;12p;C_0402_1005Metric;1;CL05C120JB51PNC;
8;Unpolarized capacitor;C74;12p;C_0402_1005Metric;1;CL05C120JB51PNC;
9;Unpolarized capacitor;C75;12p;C_0402_1005Metric;1;CL05C120JB51PNC;
10;Unpolarized capacitor;C36;22p;C_0402_1005Metric;1;C0402C103K5RAC7411;
11;Unpolarized capacitor;C119;220p;C_0402_1005Metric;1;CL05C221JB51PNC;
12;Unpolarized capacitor;C127;220p;C_0402_1005Metric;1;CL05C221JB51PNC;
13;Unpolarized capacitor;C128;220p;C_0402_1005Metric;1;CL05C221JB51PNC;
14;Unpolarized capacitor;C15;220p;C_0402_1005Metric;1;CL05C221JB51PNC;
15;Unpolarized capacitor;C16;220p;C_0402_1005Metric;1;CL05C221JB51PNC;
16;Unpolarized capacitor;C80;220p;C_0402_1005Metric;1;CL05C221JB51PNC;
17;Unpolarized capacitor;C19;1n;C_0402_1005Metric;1;04025C102KAT4A;
18;Unpolarized capacitor;C20;1n;C_0402_1005Metric;1;04025C102KAT4A;
19;Unpolarized capacitor;C125;10n;C_0402_1005Metric;1;C0402C103K5RAC7411;
20;Unpolarized capacitor;C126;10n;C_0402_1005Metric;1;C0402C103K5RAC7411;
21;Unpolarized capacitor;C17;10n;C_0402_1005Metric;1;C0402C103K5RAC7411;
22;Unpolarized capacitor;C18;10n;C_0402_1005Metric;1;C0402C103K5RAC7411;
23;Unpolarized capacitor;C27;10n;C_0402_1005Metric;1;C0402C103K5RAC7411;
24;Unpolarized capacitor;C42;10n;C_0402_1005Metric;1;C0402C103K5RAC7411;
25;Unpolarized capacitor;C45;10n;C_0402_1005Metric;1;C0402C103K5RAC7411;
26;Unpolarized capacitor;C91;10n;C_0402_1005Metric;1;C0402C103K5RAC7411;
27;Unpolarized capacitor;C92;10n;C_0402_1005Metric;1;C0402C103K5RAC7411;
28;Unpolarized capacitor;C94;10n;C_0402_1005Metric;1;C0402C103K5RAC7411;
29;Unpolarized capacitor;C95;10n;C_0402_1005Metric;1;C0402C103K5RAC7411;
30;Unpolarized capacitor;C_TUNE2_1;10n;C_0402_1005Metric;1;C0402C103K5RAC7411;
31;Unpolarized capacitor;C_TUNE2_2;10n;C_0402_1005Metric;1;C0402C103K5RAC7411;
32;Unpolarized capacitor;C_TUNE2_3;10n;C_0402_1005Metric;1;C0402C103K5RAC7411;
33;Unpolarized capacitor;C1;100n;C_0402_1005Metric;1;GCM155R71H104KE02D;
34;Unpolarized capacitor;C101;100n;C_0402_1005Metric;1;GCM155R71H104KE02D;
35;Unpolarized capacitor;C103;100n;C_0402_1005Metric;1;GCM155R71H104KE02D;
36;Unpolarized capacitor;C105;100n;C_0402_1005Metric;1;GCM155R71H104KE02D;
37;Unpolarized capacitor;C116;100n;C_0402_1005Metric;1;GCM155R71H104KE02D;
38;Unpolarized capacitor;C117;100n;C_0402_1005Metric;1;GCM155R71H104KE02D;
39;Unpolarized capacitor;C121;100n;C_0402_1005Metric;1;GCM155R71H104KE02D;
40;Unpolarized capacitor;C124;100n;C_0402_1005Metric;1;GCM155R71H104KE02D;
41;Unpolarized capacitor;C23;100n;C_0402_1005Metric;1;GCM155R71H104KE02D;
42;Unpolarized capacitor;C24;100n;C_0402_1005Metric;1;GCM155R71H104KE02D;
43;Unpolarized capacitor;C30;100n;C_0402_1005Metric;1;GCM155R71H104KE02D;
44;Unpolarized capacitor;C31;100n;C_0402_1005Metric;1;GCM155R71H104KE02D;
45;Unpolarized capacitor;C32;100n;C_0402_1005Metric;1;GCM155R71H104KE02D;
46;Unpolarized capacitor;C4;100n;C_0402_1005Metric;1;GCM155R71H104KE02D;
47;Unpolarized capacitor;C40;100n;C_0402_1005Metric;1;GCM155R71H104KE02D;
48;Unpolarized capacitor;C41;100n;C_0402_1005Metric;1;GCM155R71H104KE02D;
49;Unpolarized capacitor;C43;100n;C_0402_1005Metric;1;GCM155R71H104KE02D;
50;Unpolarized capacitor;C44;100n;C_0402_1005Metric;1;GCM155R71H104KE02D;
51;Unpolarized capacitor;C48;100n;C_0402_1005Metric;1;GCM155R71H104KE02D;
52;Unpolarized capacitor;C49;100n;C_0402_1005Metric;1;GCM155R71H104KE02D;
53;Unpolarized capacitor;C5;100n;C_0402_1005Metric;1;GCM155R71H104KE02D;
54;Unpolarized capacitor;C50;100n;C_0402_1005Metric;1;GCM155R71H104KE02D;
55;Unpolarized capacitor;C51;100n;C_0402_1005Metric;1;GCM155R71H104KE02D;
56;Unpolarized capacitor;C52;100n;C_0402_1005Metric;1;GCM155R71H104KE02D;
57;Unpolarized capacitor;C58;100n;C_0402_1005Metric;1;GCM155R71H104KE02D;
58;Unpolarized capacitor;C59;100n;C_0402_1005Metric;1;GCM155R71H104KE02D;
59;Unpolarized capacitor;C60;100n;C_0402_1005Metric;1;GCM155R71H104KE02D;
60;Unpolarized capacitor;C64;100n;C_0402_1005Metric;1;GCM155R71H104KE02D;
61;Unpolarized capacitor;C67;100n;C_0402_1005Metric;1;GCM155R71H104KE02D;
62;Unpolarized capacitor;C68;100n;C_0402_1005Metric;1;GCM155R71H104KE02D;
63;Unpolarized capacitor;C71;100n;C_0402_1005Metric;1;GCM155R71H104KE02D;
64;Unpolarized capacitor;C77;100n;C_0402_1005Metric;1;GCM155R71H104KE02D;
65;Unpolarized capacitor;C78;100n;C_0402_1005Metric;1;GCM155R71H104KE02D;
66;Unpolarized capacitor;C82;100n;C_0402_1005Metric;1;GCM155R71H104KE02D;
67;Unpolarized capacitor;C84;100n;C_0402_1005Metric;1;GCM155R71H104KE02D;
68;Unpolarized capacitor;C89;0.47u;C_0402_1005Metric;1;C1005X5R1E474K050BB;
69;Unpolarized capacitor;C90;0.47u;C_0402_1005Metric;1;C1005X5R1E474K050BB;
70;Unpolarized capacitor;C_TUNE1_3;0.47u;C_0402_1005Metric;1;C1005X5R1E474K050BB;
71;Unpolarized capacitor;C100;1u;C_0402_1005Metric;1;GRT155R61E105KE01D;
72;Unpolarized capacitor;C102;1u;C_0402_1005Metric;1;GRT155R61E105KE01D;
73;Unpolarized capacitor;C118;1u;C_0402_1005Metric;1;GRT155R61E105KE01D;
74;Unpolarized capacitor;C129;1u;C_0402_1005Metric;1;GRT155R61E105KE01D;
75;Unpolarized capacitor;C130;1u;C_0402_1005Metric;1;GRT155R61E105KE01D;
76;Unpolarized capacitor;C25;1u;C_0402_1005Metric;1;GRT155R61E105KE01D;
77;Unpolarized capacitor;C26;1u;C_0402_1005Metric;1;GRT155R61E105KE01D;
78;Unpolarized capacitor;C28;1u;C_0402_1005Metric;1;GRT155R61E105KE01D;
79;Unpolarized capacitor;C29;1u;C_0402_1005Metric;1;GRT155R61E105KE01D;
80;Unpolarized capacitor;C33;1u;C_0402_1005Metric;1;GRT155R61E105KE01D;
81;Unpolarized capacitor;C34;1u;C_0402_1005Metric;1;GRT155R61E105KE01D;
82;Unpolarized capacitor;C46;1u;C_0402_1005Metric;1;GRT155R61E105KE01D;
83;Unpolarized capacitor;C47;1u;C_0402_1005Metric;1;GRT155R61E105KE01D;
84;Unpolarized capacitor;C54;1u;C_0402_1005Metric;1;GRT155R61E105KE01D;
85;Unpolarized capacitor;C55;1u;C_0402_1005Metric;1;GRT155R61E105KE01D;
86;Unpolarized capacitor;C56;1u;C_0402_1005Metric;1;GRT155R61E105KE01D;
87;Unpolarized capacitor;C62;1u;C_0402_1005Metric;1;GRT155R61E105KE01D;
88;Unpolarized capacitor;C79;1u;C_0402_1005Metric;1;GRT155R61E105KE01D;
89;Unpolarized capacitor;C83;1u;C_0402_1005Metric;1;GRT155R61E105KE01D;
90;Unpolarized capacitor;C93;1u;C_0402_1005Metric;1;GRT155R61E105KE01D;
91;Unpolarized capacitor;C96;1u;C_0402_1005Metric;1;GRT155R61E105KE01D;
92;Unpolarized capacitor;C_TUNE1_1;1u;C_0402_1005Metric;1;GRT155R61E105KE01D;
93;Unpolarized capacitor;C_TUNE1_2;1u;C_0402_1005Metric;1;GRT155R61E105KE01D;
94;Unpolarized capacitor;C115;4.7u;C_0805_2012Metric;1;CL21A475KLCLQNC;
95;Unpolarized capacitor;C123;4.7u;C_0805_2012Metric;1;CL21A475KLCLQNC;
96;Unpolarized capacitor;C76;4.7u;C_0805_2012Metric;1;CL21A475KLCLQNC;
97;Unpolarized capacitor;C106;10u;C_0805_2012Metric;1;TMK212BBJ106MG-T;
98;Unpolarized capacitor;C131;10u;C_0805_2012Metric;1;TMK212BBJ106MG-T;
99;Unpolarized capacitor;C21;10u;C_0805_2012Metric;1;TMK212BBJ106MG-T;
100;Unpolarized capacitor;C22;10u;C_0805_2012Metric;1;TMK212BBJ106MG-T;
101;Unpolarized capacitor;C35;10u;C_0805_2012Metric;1;TMK212BBJ106MG-T;
102;Unpolarized capacitor;C37;10u;C_0805_2012Metric;1;TMK212BBJ106MG-T;
103;Unpolarized capacitor;C38;10u;C_0805_2012Metric;1;TMK212BBJ106MG-T;
104;Unpolarized capacitor;C39;10u;C_0805_2012Metric;1;TMK212BBJ106MG-T;
105;Unpolarized capacitor;C53;10u;C_0805_2012Metric;1;TMK212BBJ106MG-T;
106;Unpolarized capacitor;C57;10u;C_0805_2012Metric;1;TMK212BBJ106MG-T;
107;Unpolarized capacitor;C69;10u;C_0805_2012Metric;1;TMK212BBJ106MG-T;
108;Unpolarized capacitor;C70;10u;C_0805_2012Metric;1;TMK212BBJ106MG-T;
109;Unpolarized capacitor;C97;10u;C_0805_2012Metric;1;TMK212BBJ106MG-T;
110;Unpolarized capacitor;C98;10u;C_0805_2012Metric;1;TMK212BBJ106MG-T;
111;Unpolarized capacitor;C99;10u;C_0805_2012Metric;1;TMK212BBJ106MG-T;
112;Polarized capacitor, US symbol;C85;100u;C_1210_3225Metric;1;TAJB107K006TNJ;
113;Polarized capacitor, US symbol;C86;100u;C_1210_3225Metric;1;TAJB107K006TNJ;
114;Polarized capacitor, US symbol;C87;100u;C_1210_3225Metric;1;TAJB107K006TNJ;
115;Unpolarized capacitor;C10;NC;;1;;
116;Unpolarized capacitor;C104;NC;;1;;
117;Unpolarized capacitor;C107;NC;;1;;
118;Unpolarized capacitor;C108;NC;;1;;
119;Unpolarized capacitor;C109;NC;;1;;
120;Unpolarized capacitor;C11;NC;;1;;
121;Unpolarized capacitor;C112;NC;;1;;
122;Unpolarized capacitor;C12;NC;;1;;
123;Unpolarized capacitor;C120;NC;;1;;
124;Unpolarized capacitor;C122;NC;;1;;
125;Unpolarized capacitor;C13;NC;;1;;
126;Unpolarized capacitor;C14;NC;;1;;
127;Unpolarized capacitor;C6;NC;;1;;
128;Unpolarized capacitor;C7;NC;;1;;
129;Unpolarized capacitor;C8;NC;;1;;
130;Unpolarized capacitor;C81;NC;;1;;
131;Unpolarized capacitor;C9;NC;;1;;
132;Unpolarized capacitor;C2;TUNE;C_0402_1005Metric;1;;
133;Unpolarized capacitor;C3;TUNE;C_0402_1005Metric;1;;
134;Unpolarized capacitor;C88;TUNE;C_0402_1005Metric;1;;
135;Dual LED, cathodes on pins 2 and 4;D32;APHBM2012LVBDZGKC;LED_2C;1;APHBM2012LVBDZGKC;
136;Bidirectional transient-voltage-suppression diode;D1;DESD5V0U1BA-7;D_SOD-323;1;DESD5V0U1BA-7;
137;Bidirectional transient-voltage-suppression diode;D10;DESD5V0U1BA-7;D_SOD-323;1;DESD5V0U1BA-7;
138;Bidirectional transient-voltage-suppression diode;D11;DESD5V0U1BA-7;D_SOD-323;1;DESD5V0U1BA-7;
139;Bidirectional transient-voltage-suppression diode;D12;DESD5V0U1BA-7;D_SOD-323;1;DESD5V0U1BA-7;
140;Bidirectional transient-voltage-suppression diode;D13;DESD5V0U1BA-7;D_SOD-323;1;DESD5V0U1BA-7;
141;Bidirectional transient-voltage-suppression diode;D16;DESD5V0U1BA-7;D_SOD-323;1;DESD5V0U1BA-7;
142;Bidirectional transient-voltage-suppression diode;D17;DESD5V0U1BA-7;D_SOD-323;1;DESD5V0U1BA-7;
143;Bidirectional transient-voltage-suppression diode;D18;DESD5V0U1BA-7;D_SOD-323;1;DESD5V0U1BA-7;
144;Bidirectional transient-voltage-suppression diode;D19;DESD5V0U1BA-7;D_SOD-323;1;DESD5V0U1BA-7;
145;Bidirectional transient-voltage-suppression diode;D2;DESD5V0U1BA-7;D_SOD-323;1;DESD5V0U1BA-7;
146;Bidirectional transient-voltage-suppression diode;D20;DESD5V0U1BA-7;D_SOD-323;1;DESD5V0U1BA-7;
147;Bidirectional transient-voltage-suppression diode;D21;DESD5V0U1BA-7;D_SOD-323;1;DESD5V0U1BA-7;
148;Bidirectional transient-voltage-suppression diode;D22;DESD5V0U1BA-7;D_SOD-323;1;DESD5V0U1BA-7;
149;Bidirectional transient-voltage-suppression diode;D23;DESD5V0U1BA-7;D_SOD-323;1;DESD5V0U1BA-7;
150;Bidirectional transient-voltage-suppression diode;D24;DESD5V0U1BA-7;D_SOD-323;1;DESD5V0U1BA-7;
151;Bidirectional transient-voltage-suppression diode;D25;DESD5V0U1BA-7;D_SOD-323;1;DESD5V0U1BA-7;
152;Bidirectional transient-voltage-suppression diode;D26;DESD5V0U1BA-7;D_SOD-323;1;DESD5V0U1BA-7;
153;Bidirectional transient-voltage-suppression diode;D27;DESD5V0U1BA-7;D_SOD-323;1;DESD5V0U1BA-7;
154;Bidirectional transient-voltage-suppression diode;D28;DESD5V0U1BA-7;D_SOD-323;1;DESD5V0U1BA-7;
155;Bidirectional transient-voltage-suppression diode;D29;DESD5V0U1BA-7;D_SOD-323;1;DESD5V0U1BA-7;
156;Bidirectional transient-voltage-suppression diode;D3;DESD5V0U1BA-7;D_SOD-323;1;DESD5V0U1BA-7;
157;Bidirectional transient-voltage-suppression diode;D4;DESD5V0U1BA-7;D_SOD-323;1;DESD5V0U1BA-7;
158;Bidirectional transient-voltage-suppression diode;D5;DESD5V0U1BA-7;D_SOD-323;1;DESD5V0U1BA-7;
159;Bidirectional transient-voltage-suppression diode;D6;DESD5V0U1BA-7;D_SOD-323;1;DESD5V0U1BA-7;
160;Bidirectional transient-voltage-suppression diode;D7;DESD5V0U1BA-7;D_SOD-323;1;DESD5V0U1BA-7;
161;Bidirectional transient-voltage-suppression diode;D8;DESD5V0U1BA-7;D_SOD-323;1;DESD5V0U1BA-7;
162;Bidirectional transient-voltage-suppression diode;D9;DESD5V0U1BA-7;D_SOD-323;1;DESD5V0U1BA-7;
163;Schottky diode;D14;FML340A-W;D_SMA;1;FML340A-W;
164;Schottky diode;D15;FML340A-W;D_SMA;1;FML340A-W;
165;Schottky diode;D30;FML340A-W;D_SMA;1;FML340A-W;
166;Schottky diode;D31;FML340A-W;D_SMA;1;FML340A-W;
167;Schottky diode;D33;FML340A-W;D_SMA;1;FML340A-W;
168;Schottky diode;D34;FML340A-W;D_SMA;1;FML340A-W;
169;Ferrite bead;FB1;BLM21SP601SH1D;R_0805_2012Metric;1;BLM21SP601SH1D;BLM21SP601SH1D
170;Ferrite bead;FB2;BLM21SP601SH1D;R_0805_2012Metric;1;BLM21SP601SH1D;BLM21SP601SH1D
171;Microchip Technology SRAM, 23K640-I/ST- 64kbit;IC6;23K640-I_ST;SOP65P640X120-8N;1;23K640-I/ST;
172;6-Channel, 24-Bit Analog-To-Digital Converter w/Integrated Respiration ;IC1;ADS1296RIZXGT;BGA64C80P8X8_800X800X145;1;ADS1296RIZXGT;
173;8-Channel 24-bit ADC With Integrated ECG Front End;IC2;ADS1298IPAG;QFP50P1200X1200X120-64N;1;ADS1298IPAG;
174;Qi (WPC) Compliant Highly Integrated Secondary-Side Direct Lithium Ion Charger.;IC3;BQ51050BRHLR;BQ51050BRHLR;1;BQ51050BRHLR;
175;Logic Gates;IC4;SN74HCS00QPWRQ1;SOP65P640X120-14N;1;SN74HCS00QPWRQ1;
176;;J14;12401598E4#2A;AMPHENOL_12401598E4#2A;1;12401598E4#2A;
177;;J3;70-IWAS4532AGB140KF1;PinSocket_1x02_P2.54mm_Vertical;1;WS;
178;;J2;Batt;M404010446;1;M40-4010446;
179;Generic connector, single row, 01x14,;J8;EXP1;PinSocket_2x08_P1.27mm_Horizontal;1;WS;
180;Generic connector, single row, 01x14,;J16;EXP2;PinSocket_2x08_P1.27mm_Horizontal;1;WS;
181;MEM2061 Series 8 Position 1.1 mm Pitch Push-Push MicroSD SMT Memory Card Connector;J1;MEM2061-01-188-00-A;MEM20610118800A;1;MEM2061-01-188-00-A;
182;Audio Jack, 2 Poles (Mono / TS), Grounded Sleeve, Switched T Pole (Normalling);J5;NTC Connector;M404010246;1;WS;
183;Generic connector, single row, 01x05;J6;PROG;PinSocket_1x05_P2.54mm_Vertical;1;WS;
184;Generic connector, single row, 01x05;J7;PROG;PinSocket_1x05_P2.54mm_Vertical;1;WS;
185;SIM Card;J10;SIM_Card;SIM8051601401A;1;SIM8051-6-0-14-00-A;
186;;J12;U.FL-R-SMT-1(10);CONUFL001-SMD;1;U.FL-R-SMT-1(10);
187;;J13;U.FL-R-SMT-1(10);CONUFL001-SMD;1;U.FL-R-SMT-1(10);
188;;J15;U.FL-R-SMT-1(10);CONUFL001-SMD;1;U.FL-R-SMT-1(10);
189;Generic connector, double row, 02x03;J11;USB/BATT;PinHeader_2x03_P2.54mm_Vertical;1;WS;
190;Generic connector, double row, 02x03;J17;USB/BATT;PinHeader_2x03_P2.54mm_Vertical;1;WS;
191;Inductor;L2;15n;L_0402_1005Metric;1;7447840115;
192;Inductor;L8;15n;L_0402_1005Metric;1;7447840115;
193;Inductor;L6;1uH;L_1008_2520Metric;1;TYA2520121R0M-10;
194;Inductor;L1;10u;L_0603_1608Metric;1;MLZ1608M100WTD25;
195;Inductor;L9;10u;L_0603_1608Metric;1;MLZ1608M100WTD25;
196;Inductor symbol for simulation only;L7;NC;;1;;
197;Inductor;L3;TUNE;C_0402_1005Metric;1;;
198;Inductor;L4;TUNE;C_0402_1005Metric;1;;
199;Inductor;L5;TUNE;C_0402_1005Metric;1;;
200;Net tie, 3 pins, tee;NT1;STAR GROUND;NINJA_STAR_GROUND;1;;
201;MOSFET P-Ch 20V 5A Enhancement SOT23 Diodes;Q1;DMG2305;SOT-23;1;DMG2305UX-7;
202;MOSFET P-Ch 20V 5A Enhancement SOT23 Diodes;Q3;DMG2305;SOT-23;1;DMG2305UX-7;
203;MOSFET P-Ch 20V 5A Enhancement SOT23 Diodes;Q4;DMG2305;SOT-23;1;DMG2305UX-7;
204;N-MOSFET transistor, gate/source/drain;Q2;PMV15ENEAR;SOT-23;1;PMV15ENEAR;
205;Resistor;R36;0;R_0402_1005Metric;1;SFR01MZPJ000;
206;Resistor;R39;0;R_0402_1005Metric;1;SFR01MZPJ000;
207;Resistor;R42;0;R_0402_1005Metric;1;SFR01MZPJ000;
208;Resistor;R43;0;R_0402_1005Metric;1;SFR01MZPJ000;
209;Resistor;R53;0;R_0402_1005Metric;1;SFR01MZPJ000;
210;Resistor;R54;0;R_0402_1005Metric;1;SFR01MZPJ000;
211;Resistor;R55;0;R_0402_1005Metric;1;SFR01MZPJ000;
212;Resistor;R56;0;R_0402_1005Metric;1;SFR01MZPJ000;
213;Resistor;R88;0;R_0603_1608Metric;1;CRCW06030000Z0EAC;
214;Resistor;R63;200;R_0402_1005Metric;1;CRCW0402330RJNEDHP;
215;Resistor;R77;200;R_0402_1005Metric;1;Resistor_SMD:R_0402_1005Metric;
216;Resistor;R75;270;R_0402_1005Metric;1;CRCW0402270RFKEDHP;
217;Resistor;R103;330;R_0402_1005Metric;1;CRCW0402330RJNEDHP;
218;Resistor;R104;330;R_0402_1005Metric;1;CRCW0402330RJNEDHP;
219;Resistor;R44;330;R_0402_1005Metric;1;CRCW0402330RJNEDHP;
220;Resistor;R45;330;R_0402_1005Metric;1;CRCW0402330RJNEDHP;
221;Resistor;R64;330;R_0402_1005Metric;1;CRCW0402330RJNEDHP;
222;Resistor;R65;330;R_0402_1005Metric;1;CRCW0402330RJNEDHP;
223;Resistor;R68;330;R_0402_1005Metric;1;CRCW0402330RJNEDHP;
224;Resistor;R86;330;R_0402_1005Metric;1;CRCW0402330RJNEDHP;
225;Resistor;R57;3.24k;R_0402_1005Metric;1;RG1005N-3161-W-T1;
226;Resistor;R1;5.1k;R_0402_1005Metric;1;SG73P1ETTP512J;
227;Resistor;R10;5.1k;R_0402_1005Metric;1;SG73P1ETTP512J;
228;Resistor;R11;5.1k;R_0402_1005Metric;1;SG73P1ETTP512J;
229;Resistor;R12;5.1k;R_0402_1005Metric;1;SG73P1ETTP512J;
230;Resistor;R13;5.1k;R_0402_1005Metric;1;SG73P1ETTP512J;
231;Resistor;R2;5.1k;R_0402_1005Metric;1;SG73P1ETTP512J;
232;Resistor;R37;5.1k;R_0402_1005Metric;1;SG73P1ETTP512J;
233;Resistor;R38;5.1k;R_0402_1005Metric;1;SG73P1ETTP512J;
234;Resistor;R40;5.1k;R_0402_1005Metric;1;SG73P1ETTP512J;
235;Resistor;R58;5.1k;R_0402_1005Metric;1;SG73P1ETTP512J;
236;Resistor;R74;5.1k;R_0402_1005Metric;1;SG73P1ETTP512J;
237;Resistor;R101;10k;R_0402_1005Metric;1;RC0402JR-7W10KL;
238;Resistor;R102;10k;R_0402_1005Metric;1;RC0402JR-7W10KL;
239;Resistor;R105;10k;R_0402_1005Metric;1;RC0402JR-7W10KL;
240;Resistor;R24;10k;R_Axial_DIN0617_L17.0mm_D6.0mm_P20.32mm_Horizontal;1;MOS3CT631R103J;
241;Resistor;R25;10k;R_Axial_DIN0617_L17.0mm_D6.0mm_P20.32mm_Horizontal;1;MOS3CT631R103J;
242;Resistor;R31;10k;R_0402_1005Metric;1;RC0402JR-7W10KL;
243;Resistor;R32;10k;R_0402_1005Metric;1;RC0402JR-7W10KL;
244;Resistor;R34;10k;R_0402_1005Metric;1;RC0402JR-7W10KL;
245;Resistor;R41;10k;R_0402_1005Metric;1;RC0402JR-7W10KL;
246;Resistor;R59;10k;R_0402_1005Metric;1;RC0402JR-7W10KL;
247;Resistor;R60;10k;R_0402_1005Metric;1;RC0402JR-7W10KL;
248;Resistor;R61;10k;R_0402_1005Metric;1;CRCW0402100KFKEDC;
249;Resistor;R62;10k;R_0402_1005Metric;1;CRCW0402100KFKEDC;
250;Resistor;R72;10k;R_0402_1005Metric;1;RC0402JR-7W10KL;
251;Resistor;R78;10k;R_0402_1005Metric;1;RC0402JR-7W10KL;
252;Resistor;R80;10k;R_0402_1005Metric;1;RC0402JR-7W10KL;
253;Resistor;R82;10k;R_0402_1005Metric;1;RC0402JR-7W10KL;
254;Resistor;R97;10k;R_0402_1005Metric;1;RC0402JR-7W10KL;
255;Resistor;R98;10k;R_0402_1005Metric;1;RC0402JR-7W10KL;
256;Resistor;R76;42.2k;R_0402_1005Metric;1;ERJ-2RKF4222X;
257;Resistor;R3;71.5k;R_0402_1005Metric;1;667-ERJ-2RKF7152X;
258;Resistor;R48;71.5k;R_0402_1005Metric;1;667-ERJ-2RKF7152X;
259;Resistor;R100;100k;R_0402_1005Metric;1;CRCW0402100KFKEDC;
260;Resistor;R14;100k;R_Axial_DIN0516_L15.5mm_D5.0mm_P20.32mm_Horizontal;1;RSF3WSJT-73-100K;
261;Resistor;R15;100k;R_Axial_DIN0516_L15.5mm_D5.0mm_P20.32mm_Horizontal;1;RSF3WSJT-73-100K;
262;Resistor;R16;100k;R_Axial_DIN0516_L15.5mm_D5.0mm_P20.32mm_Horizontal;1;RSF3WSJT-73-100K;
263;Resistor;R17;100k;R_Axial_DIN0516_L15.5mm_D5.0mm_P20.32mm_Horizontal;1;RSF3WSJT-73-100K;
264;Resistor;R18;100k;R_Axial_DIN0516_L15.5mm_D5.0mm_P20.32mm_Horizontal;1;RSF3WSJT-73-100K;
265;Resistor;R19;100k;R_Axial_DIN0516_L15.5mm_D5.0mm_P20.32mm_Horizontal;1;RSF3WSJT-73-100K;
266;Resistor;R20;100k;R_Axial_DIN0516_L15.5mm_D5.0mm_P20.32mm_Horizontal;1;RSF3WSJT-73-100K;
267;Resistor;R21;100k;R_Axial_DIN0516_L15.5mm_D5.0mm_P20.32mm_Horizontal;1;RSF3WSJT-73-100K;
268;Resistor;R22;100k;R_Axial_DIN0516_L15.5mm_D5.0mm_P20.32mm_Horizontal;1;RSF3WSJT-73-100K;
269;Resistor;R23;100k;R_Axial_DIN0516_L15.5mm_D5.0mm_P20.32mm_Horizontal;1;RSF3WSJT-73-100K;
270;Resistor;R4;100k;R_0402_1005Metric;1;CRCW0402100KFKEDC;
271;Resistor;R26;1M;R_0402_1005Metric;1;RCS04021M00FKED;
272;Resistor;R27;1M;R_0402_1005Metric;1;RCS04021M00FKED;
273;Resistor;R28;1M;R_0402_1005Metric;1;RCS04021M00FKED;
274;Resistor;R29;1M;R_0402_1005Metric;1;RCS04021M00FKED;
275;Resistor;R30;1M;R_0402_1005Metric;1;RCS04021M00FKED;
276;Resistor;R33;1M;R_0402_1005Metric;1;RCS04021M00FKED;
277;Resistor;R35;1M;R_0402_1005Metric;1;RCS04021M00FKED;
278;Resistor;R46;1M;R_0402_1005Metric;1;RCS04021M00FKED;
279;Resistor;R47;1M;R_0402_1005Metric;1;RCS04021M00FKED;
280;Resistor;R6;1M;R_0402_1005Metric;1;RCS04021M00FKED;
281;Resistor;R7;1M;R_0402_1005Metric;1;RCS04021M00FKED;
282;Resistor;R8;1M;R_0402_1005Metric;1;RCS04021M00FKED;
283;Resistor;R9;1M;R_0402_1005Metric;1;RCS04021M00FKED;
284;Resistor;R51;1.13M;R_0402_1005Metric;1;CRCW04021M13FKED;
285;Resistor;R52;1.18M;R_0402_1005Metric;1;CRCW04021M18FKED;
286;Resistor;R49;1.2M;R_0402_1005Metric;1;RC0402JR-071M2L;
287;Resistor;R50;1.6M;R_0402_1005Metric;1;CRCW04021M60FKEDC;
288;Resistor;R5;NC;;1;;
289;Resistor;R66;NC;;1;;
290;Resistor;R67;NC;;1;;
291;Resistor;R69;NC;;1;;
292;Resistor;R70;NC;;1;;
293;Resistor;R71;NC;;1;;
294;Resistor;R83;NC;;1;;
295;Resistor;R87;NC;;1;;
296;Resistor;R89;NC;;1;;
297;Resistor;R90;NC;;1;;
298;Resistor;R91;NC;;1;;
299;4 resistor network, parallel topology, SIP package;RN1;CAT16-2701F4LF;R_Cat16-4;1;CAT16-2701F4LF;
300;;S1;SKRHACE010;SKRHAAE010;1;SKRHACE010;
301;ADC;U5;ADS1114IDGSR;SOP50P490X110-10N;1;ADS1114IDGSR;
302;B39162B9415K610;U15;B39162B9415K610 ;B39162B9415K610;1;B39162B9415K610;
303;BGU8009;U14;BGU8009,115;BGU8009,115;1;BGU8009,115;
304;;U3;LP3874EMP-3.3_NOPB;SOT-223-5;1;LP3874EMPX-3.3/NOPB;
305;;U6;MAX6070AAUT30+T;SOT-23-6;1;MAX6070AAUT30+T;
306;;U2;MCP1501T-33E_CHY;SOT-23-6;1;MCP1501T-33E/CHY;
307;;U13;NXB0108;WQFN-20-1EP_2.5x4.5mm_P0.5mm_EP1x2.9mm;1;NXB0108BQ-Q100X;
308;;U9;"OLED_2.49""";;1;;
309;;U17;PI5C3257;QFN-16-1EP_3x3mm_P0.5mm_EP1.7x1.7mm;1;PI5C3257ZHDEX;
310;;U18;PI5C3257;QFN-16-1EP_3x3mm_P0.5mm_EP1.7x1.7mm;1;PI5C3257ZHDEX;
311;;U8;SIM7080G;XCVR_SIM7080G;1;S2-108HB-Z308J;SIMCOM
312;Logic Gates;U12;SN74HCS02-Q1;TSSOP-14_4.4x5mm_P0.65mm;1;SN74HCS02QPWRQ1;
313;Dual operational amplifier;U4;TLV3202AID;SOIC-8_3.9x4.9mm_P1.27mm;1;TLV3202AID;
314;Dual operational amplifier;U1;TLV9062QDGKRQ1;VSSOP-8_3.0x3.0mm_P0.65mm;1;TLV9062QDGKRQ1;
315;;U16;nRF52832;QFN-48-1EP_6x6mm_P0.4mm_EP4.6x4.6mm;1;nRF52832-QFAB-R;
316;;U7;nRF52832;QFN-48-1EP_6x6mm_P0.4mm_EP4.6x4.6mm;1;nRF52832-QFAB-R;
317;Crystals 32.768kHz 12.5pF -40C +85C;X1;ECS-.327-12.5-12R-TR;ECS32712512RTR;1;ECS-.327-12.5-12R-TR;
318;Crystals 32.768kHz 12.5pF -40C +85C;X3;ECS-.327-12.5-12R-TR;ECS32712512RTR;1;ECS-.327-12.5-12R-TR;
319;Crystals 32MHz 8pf 50 ohms -20C to 70C 7ppm;X2;ECS-320-8-37B-7KM-TR;ECS320837B7KMTR;1;ECS-320-8-37B-7KM-TR;
320;Crystals 32MHz 8pf 50 ohms -20C to 70C 7ppm;X4;ECS-320-8-37B-7KM-TR;ECS320837B7KMTR;1;ECS-320-8-37B-7KM-TR;
321;Antennas 1559-1609MHz Avg. Eff >75% Linear;Y1;SR4G008;SR4G008;1;SR4G008;
322;Battery Management Standalone 1-cell, 17-V, 3.0-A battery charger 16-WQFN;Z1;BQ25300RTER;QFN50P300X300X80-17N-D;1;BQ25300RTER;
;;;;;;;
;;;;;;;
;;;;;;;
;;;;;;;
;;;;;;;
Component Groups:;322;;;;;;
Component Count:;322;;;;;;
Fitted Components:;322;;;;;;
Number of PCBs:;1;;;;;;
Total components:;322;;;;;;
Schematic Version:;;;;;;;
Schematic Date:;;;;;;;
PCB Variant:;default;;;;;;
BoM Date:;18/07/2021 13:34;;;;;;
Schematic Source:;P205.sch;;;;;;
KiCad Version:;Eeschema (5.1.9)-1;;;;;;
